id,password,last_login,is_superuser,username,last_name,email,is_staff,is_active,date_joined,first_name
1,pbkdf2_sha256$600000$EmeVHZCTBtECZLVnImg6L8$iUgpim+Q2G+6trdyT3QpJdyYgYEPy1Ovp+lZc8+7sXg=,2023-09-18 02:36:37.223556,1,admin,Gunjal,admin@gmail.com,1,1,2023-09-17 11:10:50.266570,Shudhanshu
2,pbkdf2_sha256$600000$wmndacvPiVxHxqmfJCvF2G$/dbMG786qVzHRAm5feWl3xSMJawjipBTsUuJV4vmljA=,2023-09-17 16:11:56.182478,0,IrisJWilliams,Williams,IrisJWilliams@rhyta.com,0,1,2023-09-17 11:13:55.111174,Iris
3,pbkdf2_sha256$600000$lGLBkLF8y8snn2nyPlA74L$F+zW4ysjP68OhZMic+tnCro70/dZjE92H3mfVlmvJpM=,2023-09-17 21:37:33.169144,0,lizaditaq,Valenzuela,dipimehuki@mailinator.com,0,1,2023-09-17 11:15:39.375932,Maryam
4,pbkdf2_sha256$600000$MwrtOK02zrBtO8d1YfuLe7$qwfc5ugMJtcLZMwsfOqFEjMFSBwWl5NIuXYrD7cxm3g=,2023-09-17 16:12:53.137719,0,tisaq,Mathews,xyfohuw@mailinator.com,0,1,2023-09-17 11:16:26.848464,Lavinia
5,pbkdf2_sha256$600000$gdo5eH9qO61wHee24wJB3U$9nhVaL/6kjw6IiKYd4uN4ZJsHYqpon7IAuGDBxytdUw=,2023-09-17 16:13:13.022078,0,tylul,Copeland,kasineqi@mailinator.com,0,1,2023-09-17 11:16:41.418169,Rowan
6,pbkdf2_sha256$600000$OBPWthALsQsudLzfckIKTK$7fcY4FpLMCp0uC8upVT0FaKax5uW4kDrsuc3hf2oGIg=,2023-09-17 16:13:28.886278,0,hakiq,Griffin,gino@mailinator.com,0,1,2023-09-17 11:16:59.947804,Diana
7,pbkdf2_sha256$600000$Escj8n7xEjfiPSj8b9d1Zf$ofeYBiMZGhp1bqvk3Q5pxlgeEs2J3EJYUpMvhwjnBas=,2023-09-17 16:13:42.073182,0,bonaboke,Hunter,qobawuk@mailinator.com,0,1,2023-09-17 11:17:21.447987,Leo
8,pbkdf2_sha256$600000$s1y60ooqfsapuFveVTDRDk$5fbZ8G/rDNKWoA9QtCDH/R61UuHqnAy61s7JnYBmjhA=,2023-09-18 01:27:50.421113,0,niqute,Oneal,gacyhiwe@mailinator.com,0,1,2023-09-17 11:17:57.624124,Jasmine
9,pbkdf2_sha256$600000$21tVMOloWkaWammSM3wsf7$xLG+5tif6VqAjm80GiIj/CNDnNAyupMPZlEfLpzygbE=,2023-09-18 01:28:31.960350,0,lycovop,Alvarado,lusav@mailinator.com,0,1,2023-09-17 11:18:15.209617,Sonya
10,pbkdf2_sha256$600000$BUTyIUTp79uVjV8k1y0BrI$fMd9zronkdi1mSup+BbZ1VksaJUELNBvKmXcDgpt08k=,2023-09-17 16:14:33.500742,0,pusapyvanu,Page,zehaq@mailinator.com,0,1,2023-09-17 11:18:35.741151,Serena
11,pbkdf2_sha256$600000$7vj2I31CxgmZTbgrPLIBB2$Rb7ml/qa3be04+A7kJEWK/aN9U3zO8VmMrmQiJCWwNo=,2023-09-18 01:28:55.953445,0,wetivi,Atkins,kyjaqo@mailinator.com,0,1,2023-09-17 11:19:08.221075,Maile
12,pbkdf2_sha256$600000$CDRwkiCuaMQ7hFI8iWnDuP$APNGSi61qJDfLYzY8pDKTkXM5Qg2DTBmGLDWprvxQQo=,2023-09-17 16:15:04.851783,0,tazuzyleve,Santana,komom@mailinator.com,0,1,2023-09-17 11:19:29.508024,Yeo
13,pbkdf2_sha256$600000$CDRwkiCuaMQ7hFI8iWnDuP$APNGSi61qJDfLYzY8pDKTkXM5Qg2DTBmGLDWprvxQQo=,2023-09-17 16:15:30.057182,0,budomufom,Blackburn,zowyw@mailinator.com,0,1,2023-09-17 11:19:53.611091,Amal
14,pbkdf2_sha256$600000$8cnbpEbrCBynCRLncpP2Xq$XZjd9E6G0EaYqmNPLMhlggzfzawuESWoKx1tqrjSWD4=,2023-09-17 16:15:42.782539,0,zajalukov,Odom,wusimycemo@mailinator.com,0,1,2023-09-17 11:20:15.723601,Rowan
